{"cameraMode":{"drawMode":0,"name":"Shaded","section":"Shading Mode"},"sceneLighting":true,"audioPlay":false,"sceneViewState":{"m_AlwaysRefresh":false,"showFog":true,"showSkybox":true,"showFlares":true,"showImageEffects":true,"showParticleSystems":true,"showVisualEffectGraphs":true,"m_FxEnabled":true},"in2DMode":false,"pivot":{"x":-0.12997221946716309,"y":2.0302727222442629,"z":-0.8138007521629334},"rotation":{"x":-0.10931043326854706,"y":0.6901737451553345,"z":-0.10664083808660507,"w":-0.7073638439178467},"size":2.7492594718933107,"orthographic":false}